Aunt	1,2	bn:00007182n	Concept	[wn:09823502n]	http://babelnet.org/rdf/s00007182n	http://dbpedia.org/resource/Aunt	aunt
says	2,3	bn:00093287v	Concept	[wn:01009240v]	http://babelnet.org/rdf/s00093287v	null	say
teens	3,4	bn:00076359n	Concept	[wn:15148467n]	http://babelnet.org/rdf/s00076359n	null	teens
playing	6,7	bn:00091708v	Concept	[wn:01072949v]	http://babelnet.org/rdf/s00091708v	null	play
hunting rifle	10,12	bn:00067785n	Concept	[wn:04090263n]	http://babelnet.org/rdf/s00067785n	http://dbpedia.org/resource/Rifle	rifle
killed	13,14	bn:00090098v	Concept	[wn:01323958v]	http://babelnet.org/rdf/s00090098v	null	kill
nephew	14,15	bn:00057287n	Concept	[wn:10353355n]	http://babelnet.org/rdf/s00057287n	http://dbpedia.org/resource/Nephew_and_niece	nephew
DA	16,17	bn:03507460n	Concept	[]	http://babelnet.org/rdf/s03507460n	http://dbpedia.org/resource/ANSI_escape_code	ANSI_escape_code
investigating	17,18	bn:00087655v	Concept	[wn:00785962v]	http://babelnet.org/rdf/s00087655v	null	inquire
Saturday	19,20	bn:00068696n	Concept	[wn:15164570n]	http://babelnet.org/rdf/s00068696n	http://dbpedia.org/resource/Saturday	Saturday
afternoon	20,21	bn:00001875n	Concept	[wn:15166191n]	http://babelnet.org/rdf/s00001875n	http://dbpedia.org/resource/Afternoon	afternoon
Lower Macungie	23,25	bn:00528060n	Named Entity	[]	http://babelnet.org/rdf/s00528060n	http://dbpedia.org/resource/Lower_Macungie_Township,_Lehigh_County,_Pennsylvania	Lower_Macungie_Township,_Lehigh_County,_Pennsylvania
Township	25,26	bn:00077775n	Concept	[wn:08672199n]	http://babelnet.org/rdf/s00077775n	http://dbpedia.org/resource/Township_(Pennsylvania)	township
home	26,27	bn:00000356n	Concept	[wn:03259505n, wn:08559508n]	http://babelnet.org/rdf/s00000356n	http://dbpedia.org/resource/Home	home
tucked in	27,29	bn:00092210v	Concept	[wn:01173208v]	http://babelnet.org/rdf/s00092210v	null	put_away
woods	30,31	bn:00081492n	Concept	[wn:15098161n]	http://babelnet.org/rdf/s00081492n	http://dbpedia.org/resource/Wood	wood
end	33,34	bn:00030718n	Concept	[wn:08566028n]	http://babelnet.org/rdf/s00030718n	null	terminal
private road	36,38	bn:00028779n	Concept	[wn:03244388n]	http://babelnet.org/rdf/s00028779n	http://dbpedia.org/resource/Driveway	driveway
group	40,41	bn:00041942n	Concept	[wn:00031264n]	http://babelnet.org/rdf/s00041942n	null	group
teens	42,43	bn:00076359n	Concept	[wn:15148467n]	http://babelnet.org/rdf/s00076359n	null	teens
started	43,44	bn:00083340v	Concept	[wn:00345761v]	http://babelnet.org/rdf/s00083340v	null	commence
passing	44,45	bn:00088932v	Concept	[wn:02050132v]	http://babelnet.org/rdf/s00088932v	null	go_across
hunting rifle	47,49	bn:00067785n	Concept	[wn:04090263n]	http://babelnet.org/rdf/s00067785n	http://dbpedia.org/resource/Rifle	rifle
NEWLINE	50,51	bn:00051314n	Concept	[wn:13508183n]	http://babelnet.org/rdf/s00051314n	http://dbpedia.org/resource/Newline	line_feed
aunt	52,53	bn:00007182n	Concept	[wn:09823502n]	http://babelnet.org/rdf/s00007182n	http://dbpedia.org/resource/Aunt	aunt
teens	57,58	bn:00076359n	Concept	[wn:15148467n]	http://babelnet.org/rdf/s00076359n	null	teens
said	58,59	bn:00093287v	Concept	[wn:01009240v]	http://babelnet.org/rdf/s00093287v	null	say
Sunday	59,60	bn:00028190n	Concept	[wn:15163797n]	http://babelnet.org/rdf/s00028190n	http://dbpedia.org/resource/Lord's_Day	Sunday
know	63,64	bn:00085261v	Concept	[wn:00594621v]	http://babelnet.org/rdf/s00085261v	null	know
brought	65,66	bn:00084058v	Concept	[wn:02077656v]	http://babelnet.org/rdf/s00084058v	null	bring
rifle	67,68	bn:00067785n	Concept	[wn:04090263n]	http://babelnet.org/rdf/s00067785n	http://dbpedia.org/resource/Rifle	rifle
house	70,71	bn:00044994n	Concept	[wn:03544360n]	http://babelnet.org/rdf/s00044994n	http://dbpedia.org/resource/House	house
playing	76,77	bn:00091708v	Concept	[wn:01072949v]	http://babelnet.org/rdf/s00091708v	null	play
rifle	83,84	bn:00067785n	Concept	[wn:04090263n]	http://babelnet.org/rdf/s00067785n	http://dbpedia.org/resource/Rifle	rifle
fired	84,85	bn:00088225v	Concept	[wn:01135783v]	http://babelnet.org/rdf/s00088225v	null	fire
Astudillo	87,88	bn:15301478n	Named Entity	[]	http://babelnet.org/rdf/s15301478n	http://dbpedia.org/resource/Astudillo,_Palencia	Astudillo,_Palencia
said	88,89	bn:00093287v	Concept	[wn:01009240v]	http://babelnet.org/rdf/s00093287v	null	say
round	90,91	bn:00059000n	Concept	[wn:04113641n]	http://babelnet.org/rdf/s00059000n	null	round
hit	91,92	bn:00089346v	Concept	[wn:01405044v]	http://babelnet.org/rdf/s00089346v	null	hit
stomach	93,94	bn:00012886n	Concept	[wn:05395690n]	http://babelnet.org/rdf/s00012886n	http://dbpedia.org/resource/Stomach	stomach
nephew	96,97	bn:00057287n	Concept	[wn:10353355n]	http://babelnet.org/rdf/s00057287n	http://dbpedia.org/resource/Nephew_and_niece	nephew
old	100,101	bn:00107786a	Concept	[wn:01643620a]	http://babelnet.org/rdf/s00107786a	null	old
Chris Perez	101,103	bn:03025483n	Named Entity	[]	http://babelnet.org/rdf/s03025483n	http://dbpedia.org/resource/Chris_Pérez	Chris_Pérez
Allentown	104,105	bn:00527908n	Named Entity	[]	http://babelnet.org/rdf/s00527908n	http://dbpedia.org/resource/Allentown,_Pennsylvania	Allentown,_Pennsylvania
killing	106,107	bn:00090098v	Concept	[wn:01323958v]	http://babelnet.org/rdf/s00090098v	null	kill
NEWLINE	109,110	bn:00051314n	Concept	[wn:13508183n]	http://babelnet.org/rdf/s00051314n	http://dbpedia.org/resource/Newline	line_feed
death	114,115	bn:00025582n	Concept	[wn:07355491n]	http://babelnet.org/rdf/s00025582n	http://dbpedia.org/resource/Death	death
investigation	117,118	bn:00047354n	Concept	[wn:00633864n]	http://babelnet.org/rdf/s00047354n	null	investigation
state police	119,121	bn:01777428n	Concept	[]	http://babelnet.org/rdf/s01777428n	http://dbpedia.org/resource/State_police_(United_States)	State_police_(United_States)
Lehigh County	123,125	bn:03813002n	Named Entity	[]	http://babelnet.org/rdf/s03813002n	http://dbpedia.org/resource/Lehigh_County,_Pennsylvania	Lehigh_County,_Pennsylvania
County coroner	124,126	bn:00022801n	Concept	[wn:09965985n]	http://babelnet.org/rdf/s00022801n	http://dbpedia.org/resource/Coroner	coroner
office	127,128	bn:00001961n	Concept	[wn:08337324n]	http://babelnet.org/rdf/s00001961n	http://dbpedia.org/resource/Government_agency	authority
authorities	130,131	bn:00001961n	Concept	[wn:08337324n]	http://babelnet.org/rdf/s00001961n	http://dbpedia.org/resource/Government_agency	authority
try	131,132	bn:00082844v	Concept	[wn:02530167v]	http://babelnet.org/rdf/s00082844v	null	attempt
piece together	133,135	bn:13779783v	Concept	[]	http://babelnet.org/rdf/s13779783v	null	piece_together
exactly	135,136	bn:00115266r	Concept	[wn:00158309r]	http://babelnet.org/rdf/s00115266r	null	exactly
happened	137,138	bn:00085337v	Concept	[wn:00339934v]	http://babelnet.org/rdf/s00085337v	null	come_about
home	140,141	bn:00000356n	Concept	[wn:03259505n, wn:08559508n]	http://babelnet.org/rdf/s00000356n	http://dbpedia.org/resource/Home	home
block	144,145	bn:00011308n	Concept	[wn:02852523n]	http://babelnet.org/rdf/s00011308n	http://dbpedia.org/resource/Block_(district_subdivision)	block
Orchard Road	146,148	bn:02352153n	Named Entity	[]	http://babelnet.org/rdf/s02352153n	http://dbpedia.org/resource/Orchard_Road_(Illinois)	Orchard_Road_(Illinois)
NEWLINE	149,150	bn:00051314n	Concept	[wn:13508183n]	http://babelnet.org/rdf/s00051314n	http://dbpedia.org/resource/Newline	line_feed
number	154,155	bn:00034394n	Concept	[wn:05121418n]	http://babelnet.org/rdf/s00034394n	null	number
individuals	157,158	bn:00046516n	Concept	[wn:00007846n]	http://babelnet.org/rdf/s00046516n	http://dbpedia.org/resource/Individual	person
home	160,161	bn:00000356n	Concept	[wn:03259505n, wn:08559508n]	http://babelnet.org/rdf/s00000356n	http://dbpedia.org/resource/Home	home
time	163,164	bn:00077270n	Concept	[wn:00028270n]	http://babelnet.org/rdf/s00077270n	http://dbpedia.org/resource/Time	time
happened	165,166	bn:00085337v	Concept	[wn:00339934v]	http://babelnet.org/rdf/s00085337v	null	come_about
Lehigh County	168,170	bn:03813002n	Named Entity	[]	http://babelnet.org/rdf/s03813002n	http://dbpedia.org/resource/Lehigh_County,_Pennsylvania	Lehigh_County,_Pennsylvania
District Attorney	170,172	bn:00024945n	Concept	[wn:10019072n]	http://babelnet.org/rdf/s00024945n	http://dbpedia.org/resource/District_attorney	district_attorney
Jim	172,173	bn:10254187n	Concept	[]	http://babelnet.org/rdf/s10254187n	null	Jim
said	174,175	bn:00093287v	Concept	[wn:01009240v]	http://babelnet.org/rdf/s00093287v	null	say
Sunday	175,176	bn:00028190n	Concept	[wn:15163797n]	http://babelnet.org/rdf/s00028190n	http://dbpedia.org/resource/Lord's_Day	Sunday
NEWLINE	177,178	bn:00051314n	Concept	[wn:13508183n]	http://babelnet.org/rdf/s00051314n	http://dbpedia.org/resource/Newline	line_feed
shooting	179,180	bn:00089349v	Concept	[wn:01137138v]	http://babelnet.org/rdf/s00089349v	null	shoot
happened	180,181	bn:00085337v	Concept	[wn:00339934v]	http://babelnet.org/rdf/s00085337v	null	come_about
p.m.	183,184	bn:00116519r	Concept	[wn:00251408r]	http://babelnet.org/rdf/s00116519r	null	P.M.
pronounced	188,189	bn:00106429a	Concept	[wn:01287808a]	http://babelnet.org/rdf/s00106429a	null	pronounced
dead	189,190	bn:00100948a	Concept	[wn:00095280a]	http://babelnet.org/rdf/s00100948a	null	dead
hour	192,193	bn:00000127n	Concept	[wn:15227846n]	http://babelnet.org/rdf/s00000127n	http://dbpedia.org/resource/Hour	hour
later	193,194	bn:00114165r	Concept	[wn:00061203r]	http://babelnet.org/rdf/s00114165r	null	after
Lehigh Valley Hospital	195,198	bn:03367822n	Named Entity	[]	http://babelnet.org/rdf/s03367822n	http://dbpedia.org/resource/Lehigh_Valley_Hospital	Lehigh_Valley_Hospital
Cedar Crest	199,201	bn:01233228n	Named Entity	[]	http://babelnet.org/rdf/s01233228n	http://dbpedia.org/resource/Cedar_Crest_(Faunsdale,_Alabama)	Cedar_Crest_(Faunsdale,_Alabama)
according	202,203	bn:00082227v	Concept	[wn:02700104v]	http://babelnet.org/rdf/s00082227v	null	agree
coroner	205,206	bn:00022801n	Concept	[wn:09965985n]	http://babelnet.org/rdf/s00022801n	http://dbpedia.org/resource/Coroner	coroner
autopsy	208,209	bn:00007393n	Concept	[wn:00141396n]	http://babelnet.org/rdf/s00007393n	http://dbpedia.org/resource/Autopsy	autopsy
scheduled	210,211	bn:00093337v	Concept	[wn:00794981v]	http://babelnet.org/rdf/s00093337v	null	schedule
Monday	212,213	bn:00055609n	Concept	[wn:15163979n]	http://babelnet.org/rdf/s00055609n	http://dbpedia.org/resource/Monday	Monday
NEWLINE	214,215	bn:00051314n	Concept	[wn:13508183n]	http://babelnet.org/rdf/s00051314n	http://dbpedia.org/resource/Newline	line_feed
row	217,218	bn:00068424n	Concept	[wn:08431437n]	http://babelnet.org/rdf/s00068424n	null	row
home	218,219	bn:00000356n	Concept	[wn:03259505n, wn:08559508n]	http://babelnet.org/rdf/s00000356n	http://dbpedia.org/resource/Home	home
family	222,223	bn:00032893n	Concept	[wn:07970406n]	http://babelnet.org/rdf/s00032893n	http://dbpedia.org/resource/Family	family
block	226,227	bn:00011308n	Concept	[wn:02852523n]	http://babelnet.org/rdf/s00011308n	http://dbpedia.org/resource/Block_(district_subdivision)	block
15th Street	229,231	bn:01892161n	Named Entity	[]	http://babelnet.org/rdf/s01892161n	http://dbpedia.org/resource/Numbered_Streets_of_St._Louis	Numbered_Streets_of_St._Louis
sobbing	232,233	bn:00094005v	Concept	[wn:00067129v]	http://babelnet.org/rdf/s00094005v	null	sob
family members	233,235	bn:00032893n	Concept	[wn:07970406n]	http://babelnet.org/rdf/s00032893n	http://dbpedia.org/resource/Family	family
gathered	235,236	bn:00085289v	Concept	[wn:01380638v]	http://babelnet.org/rdf/s00085289v	null	collect
table	238,239	bn:00075812n	Concept	[wn:08266235n]	http://babelnet.org/rdf/s00075812n	http://dbpedia.org/resource/Table_(information)	table
tried	240,241	bn:00082844v	Concept	[wn:02530167v]	http://babelnet.org/rdf/s00082844v	null	attempt
comfort	242,243	bn:00085398v	Concept	[wn:01814815v]	http://babelnet.org/rdf/s00085398v	null	comfort
passing	246,247	bn:00088932v	Concept	[wn:02050132v]	http://babelnet.org/rdf/s00088932v	null	go_across
tissues	247,248	bn:00077386n	Concept	[wn:05267345n]	http://babelnet.org/rdf/s00077386n	http://dbpedia.org/resource/Tissue_(biology)	tissue
wipe away	250,252	bn:00095795v	Concept	[wn:01392918v]	http://babelnet.org/rdf/s00095795v	null	wipe_away
tears	253,254	bn:00024162n	Concept	[wn:00868196n]	http://babelnet.org/rdf/s00024162n	http://dbpedia.org/resource/Crying	tears
NEWLINE	255,256	bn:00051314n	Concept	[wn:13508183n]	http://babelnet.org/rdf/s00051314n	http://dbpedia.org/resource/Newline	line_feed
mother	258,259	bn:00034027n	Concept	[wn:10332385n]	http://babelnet.org/rdf/s00034027n	http://dbpedia.org/resource/Mother	mother
Jeanette	260,261	bn:02270601n	Named Entity	[]	http://babelnet.org/rdf/s02270601n	http://dbpedia.org/resource/Jeanette_(singer)	Jeanette_(singer)
Segarra	261,262	bn:03459410n	Concept	[]	http://babelnet.org/rdf/s03459410n	http://dbpedia.org/resource/Segarra	Segarra
stared	263,264	bn:00088705v	Concept	[wn:02132745v]	http://babelnet.org/rdf/s00088705v	null	gaze
blankly	264,265	bn:00114577r	Concept	[wn:00279278r]	http://babelnet.org/rdf/s00114577r	null	blankly
ahead	265,266	bn:00114185r	Concept	[wn:00067045r]	http://babelnet.org/rdf/s00114185r	null	beforehand
family members	267,269	bn:00032893n	Concept	[wn:07970406n]	http://babelnet.org/rdf/s00032893n	http://dbpedia.org/resource/Family	family
tried	269,270	bn:00082844v	Concept	[wn:02530167v]	http://babelnet.org/rdf/s00082844v	null	attempt
console	271,272	bn:00085398v	Concept	[wn:01814815v]	http://babelnet.org/rdf/s00085398v	null	comfort
NEWLINE	274,275	bn:00051314n	Concept	[wn:13508183n]	http://babelnet.org/rdf/s00051314n	http://dbpedia.org/resource/Newline	line_feed
want	277,278	bn:00086682v	Concept	[wn:01825237v]	http://babelnet.org/rdf/s00086682v	null	want
pay	282,283	bn:00091493v	Concept	[wn:02251743v]	http://babelnet.org/rdf/s00091493v	null	pay
Astudillo	285,286	bn:15301478n	Named Entity	[]	http://babelnet.org/rdf/s15301478n	http://dbpedia.org/resource/Astudillo,_Palencia	Astudillo,_Palencia
said	286,287	bn:00093287v	Concept	[wn:01009240v]	http://babelnet.org/rdf/s00093287v	null	say
incredibly	291,292	bn:00116199r	Concept	[wn:00183090r]	http://babelnet.org/rdf/s00116199r	null	marvellously
sad	292,293	bn:00110036a	Concept	[wn:01361863a]	http://babelnet.org/rdf/s00110036a	null	sad
family	295,296	bn:00032893n	Concept	[wn:07970406n]	http://babelnet.org/rdf/s00032893n	http://dbpedia.org/resource/Family	family
Chris	297,298	bn:03323927n	Named Entity	[]	http://babelnet.org/rdf/s03323927n	http://dbpedia.org/resource/Chris_Griffin	Chris_Griffin
wonderful	300,301	bn:00102774a	Concept	[wn:01676517a]	http://babelnet.org/rdf/s00102774a	null	fantastic
boy	301,302	bn:00012569n	Concept	[wn:10285313n]	http://babelnet.org/rdf/s00012569n	http://dbpedia.org/resource/Boy	boy
NEWLINE	310,311	bn:00051314n	Concept	[wn:13508183n]	http://babelnet.org/rdf/s00051314n	http://dbpedia.org/resource/Newline	line_feed
Lower Macungie	312,314	bn:00528060n	Named Entity	[]	http://babelnet.org/rdf/s00528060n	http://dbpedia.org/resource/Lower_Macungie_Township,_Lehigh_County,_Pennsylvania	Lower_Macungie_Township,_Lehigh_County,_Pennsylvania
home	314,315	bn:00000356n	Concept	[wn:03259505n, wn:08559508n]	http://babelnet.org/rdf/s00000356n	http://dbpedia.org/resource/Home	home
shooting	317,318	bn:00089349v	Concept	[wn:01137138v]	http://babelnet.org/rdf/s00089349v	null	shoot
occurred	318,319	bn:00085337v	Concept	[wn:00339934v]	http://babelnet.org/rdf/s00085337v	null	come_about
end	322,323	bn:00030718n	Concept	[wn:08566028n]	http://babelnet.org/rdf/s00030718n	null	terminal
rutted	325,326	bn:00110016a	Concept	[wn:02244361a]	http://babelnet.org/rdf/s00110016a	null	rutted
dirt road	327,329	bn:00016294n	Concept	[wn:04463510n]	http://babelnet.org/rdf/s00016294n	http://dbpedia.org/resource/Dirt_road	track
property	331,332	bn:00064755n	Concept	[wn:13241057n]	http://babelnet.org/rdf/s00064755n	http://dbpedia.org/resource/Property	property_right
tree house	334,336	bn:00078139n	Concept	[wn:04477966n]	http://babelnet.org/rdf/s00078139n	http://dbpedia.org/resource/Tree_house	tree_house
front yard	338,340	bn:00036641n	Concept	[wn:03399852n]	http://babelnet.org/rdf/s00036641n	http://dbpedia.org/resource/Front_yard	front_yard
Sunday afternoon	342,344	bn:02085604n	Named Entity	[]	http://babelnet.org/rdf/s02085604n	http://dbpedia.org/resource/Sunday_Afternoon	Sunday_Afternoon
looked like	349,351	bn:00090462v	Concept	[wn:02665617v]	http://babelnet.org/rdf/s00090462v	null	look_like
smoldering	352,353	bn:00093941v	Concept	[wn:00377569v]	http://babelnet.org/rdf/s00093941v	null	smolder
remains	353,354	bn:00067065n	Concept	[wn:09407346n]	http://babelnet.org/rdf/s00067065n	null	remains
campfire	357,358	bn:00015079n	Concept	[wn:07303585n]	http://babelnet.org/rdf/s00015079n	http://dbpedia.org/resource/Campfire	campfire
NEWLINE	359,360	bn:00051314n	Concept	[wn:13508183n]	http://babelnet.org/rdf/s00051314n	http://dbpedia.org/resource/Newline	line_feed
woman	361,362	bn:00001530n	Concept	[wn:10787470n]	http://babelnet.org/rdf/s00001530n	http://dbpedia.org/resource/Woman	woman
home	364,365	bn:00000356n	Concept	[wn:03259505n, wn:08559508n]	http://babelnet.org/rdf/s00000356n	http://dbpedia.org/resource/Home	home
declined	365,366	bn:00086389v	Concept	[wn:00203866v]	http://babelnet.org/rdf/s00086389v	null	worsen
cried	372,373	bn:00084388v	Concept	[wn:00913065v]	http://babelnet.org/rdf/s00084388v	null	scream
said	374,375	bn:00093287v	Concept	[wn:01009240v]	http://babelnet.org/rdf/s00093287v	null	say
happened	377,378	bn:00085337v	Concept	[wn:00339934v]	http://babelnet.org/rdf/s00085337v	null	come_about
NEWLINE	383,384	bn:00051314n	Concept	[wn:13508183n]	http://babelnet.org/rdf/s00051314n	http://dbpedia.org/resource/Newline	line_feed
waiting	388,389	bn:00095594v	Concept	[wn:02413290v]	http://babelnet.org/rdf/s00095594v	null	wait
answers	390,391	bn:00004451n	Concept	[wn:06746005n]	http://babelnet.org/rdf/s00004451n	null	reply
said	394,395	bn:00093287v	Concept	[wn:01009240v]	http://babelnet.org/rdf/s00093287v	null	say
NEWLINE	396,397	bn:00051314n	Concept	[wn:13508183n]	http://babelnet.org/rdf/s00051314n	http://dbpedia.org/resource/Newline	line_feed
Astudillo	397,398	bn:15301478n	Named Entity	[]	http://babelnet.org/rdf/s15301478n	http://dbpedia.org/resource/Astudillo,_Palencia	Astudillo,_Palencia
said	398,399	bn:00093287v	Concept	[wn:01009240v]	http://babelnet.org/rdf/s00093287v	null	say
nephew	400,401	bn:00057287n	Concept	[wn:10353355n]	http://babelnet.org/rdf/s00057287n	http://dbpedia.org/resource/Nephew_and_niece	nephew
hanging out	402,404	bn:00089194v	Concept	[wn:02390287v]	http://babelnet.org/rdf/s00089194v	null	hang_out
friends	405,406	bn:00036538n	Concept	[wn:10112591n]	http://babelnet.org/rdf/s00036538n	null	friend
including	407,408	bn:00089662v	Concept	[wn:00183879v]	http://babelnet.org/rdf/s00089662v	null	include
close friend	409,411	bn:00036545n	Concept	[wn:13931145n]	http://babelnet.org/rdf/s00036545n	http://dbpedia.org/resource/Friendship	friendship
lived	412,413	bn:00087441v	Concept	[wn:02649830v]	http://babelnet.org/rdf/s00087441v	null	live
Lower	415,416	bn:00052185n	Concept	[wn:03693973n]	http://babelnet.org/rdf/s00052185n	null	lower
home	417,418	bn:00000356n	Concept	[wn:03259505n, wn:08559508n]	http://babelnet.org/rdf/s00000356n	http://dbpedia.org/resource/Home	home
boy	420,421	bn:00012569n	Concept	[wn:10285313n]	http://babelnet.org/rdf/s00012569n	http://dbpedia.org/resource/Boy	boy
visited	422,423	bn:00093433v	Concept	[wn:02493030v]	http://babelnet.org/rdf/s00093433v	null	visit
Allentown	425,426	bn:00527908n	Named Entity	[]	http://babelnet.org/rdf/s00527908n	http://dbpedia.org/resource/Allentown,_Pennsylvania	Allentown,_Pennsylvania
home	426,427	bn:00000356n	Concept	[wn:03259505n, wn:08559508n]	http://babelnet.org/rdf/s00000356n	http://dbpedia.org/resource/Home	home
as well	427,429	bn:00114246r	Concept	[wn:00047534r]	http://babelnet.org/rdf/s00114246r	null	also
said	431,432	bn:00093287v	Concept	[wn:01009240v]	http://babelnet.org/rdf/s00093287v	null	say
NEWLINE	433,434	bn:00051314n	Concept	[wn:13508183n]	http://babelnet.org/rdf/s00051314n	http://dbpedia.org/resource/Newline	line_feed
said	435,436	bn:00093287v	Concept	[wn:01009240v]	http://babelnet.org/rdf/s00093287v	null	say
teens	437,438	bn:00076359n	Concept	[wn:15148467n]	http://babelnet.org/rdf/s00076359n	null	teens
hanging out	439,441	bn:00089194v	Concept	[wn:02390287v]	http://babelnet.org/rdf/s00089194v	null	hang_out
know	444,445	bn:00085261v	Concept	[wn:00594621v]	http://babelnet.org/rdf/s00085261v	null	know
teens	447,448	bn:00076359n	Concept	[wn:15148467n]	http://babelnet.org/rdf/s00076359n	null	teens
said	452,453	bn:00093287v	Concept	[wn:01009240v]	http://babelnet.org/rdf/s00093287v	null	say
showed	456,457	bn:00086557v	Concept	[wn:02148788v]	http://babelnet.org/rdf/s00086557v	null	show
rifle	458,459	bn:00067785n	Concept	[wn:04090263n]	http://babelnet.org/rdf/s00067785n	http://dbpedia.org/resource/Rifle	rifle
passed	460,461	bn:00088932v	Concept	[wn:02050132v]	http://babelnet.org/rdf/s00088932v	null	go_across
NEWLINE	464,465	bn:00051314n	Concept	[wn:13508183n]	http://babelnet.org/rdf/s00051314n	http://dbpedia.org/resource/Newline	line_feed
Chris	466,467	bn:03323927n	Named Entity	[]	http://babelnet.org/rdf/s03323927n	http://dbpedia.org/resource/Chris_Griffin	Chris_Griffin
asked	468,469	bn:00082817v	Concept	[wn:00784342v]	http://babelnet.org/rdf/s00082817v	null	inquire
gun	471,472	bn:00042221n	Concept	[wn:03467984n]	http://babelnet.org/rdf/s00042221n	http://dbpedia.org/resource/Gun	gun
loaded	473,474	bn:00084812v	Concept	[wn:01490336v]	http://babelnet.org/rdf/s00084812v	null	load
told	476,477	bn:00093287v	Concept	[wn:01009240v]	http://babelnet.org/rdf/s00093287v	null	say
Astudillo	483,484	bn:15301478n	Named Entity	[]	http://babelnet.org/rdf/s15301478n	http://dbpedia.org/resource/Astudillo,_Palencia	Astudillo,_Palencia
said	484,485	bn:00093287v	Concept	[wn:01009240v]	http://babelnet.org/rdf/s00093287v	null	say
eyes	487,488	bn:00032512n	Concept	[wn:05311054n]	http://babelnet.org/rdf/s00032512n	http://dbpedia.org/resource/Eye	eye
filling	488,489	bn:00088175v	Concept	[wn:00452512v]	http://babelnet.org/rdf/s00088175v	null	fill
tears	490,491	bn:00024162n	Concept	[wn:00868196n]	http://babelnet.org/rdf/s00024162n	http://dbpedia.org/resource/Crying	tears
playing	497,498	bn:00091708v	Concept	[wn:01072949v]	http://babelnet.org/rdf/s00091708v	null	play
passing	501,502	bn:00088932v	Concept	[wn:02050132v]	http://babelnet.org/rdf/s00088932v	null	go_across
shot	506,507	bn:00071206n	Concept	[wn:00122661n]	http://babelnet.org/rdf/s00071206n	null	shot
went off	507,509	bn:00085372v	Concept	[wn:00343898v]	http://babelnet.org/rdf/s00085372v	null	come_off
Chris	510,511	bn:03323927n	Named Entity	[]	http://babelnet.org/rdf/s03323927n	http://dbpedia.org/resource/Chris_Griffin	Chris_Griffin
hit	512,513	bn:00089346v	Concept	[wn:01405044v]	http://babelnet.org/rdf/s00089346v	null	hit
NEWLINE	515,516	bn:00051314n	Concept	[wn:13508183n]	http://babelnet.org/rdf/s00051314n	http://dbpedia.org/resource/Newline	line_feed
poor	518,519	bn:00103931a	Concept	[wn:01050890a]	http://babelnet.org/rdf/s00103931a	null	pathetic
mother	519,520	bn:00034027n	Concept	[wn:10332385n]	http://babelnet.org/rdf/s00034027n	http://dbpedia.org/resource/Mother	mother
get to	523,525	bn:00088789v	Concept	[wn:02022162v]	http://babelnet.org/rdf/s00088789v	null	get_to
touch	525,526	bn:00095040v	Concept	[wn:01206218v]	http://babelnet.org/rdf/s00095040v	null	touch
son	527,528	bn:00051877n	Named Entity	[wn:09537144n]	http://babelnet.org/rdf/s00051877n	http://dbpedia.org/resource/Logos	Son
Astudillo	530,531	bn:15301478n	Named Entity	[]	http://babelnet.org/rdf/s15301478n	http://dbpedia.org/resource/Astudillo,_Palencia	Astudillo,_Palencia
added	531,532	bn:00082318v	Concept	[wn:01027174v]	http://babelnet.org/rdf/s00082318v	null	add
just	536,537	bn:00114626r	Concept	[wn:00004722r]	http://babelnet.org/rdf/s00114626r	null	just
devastating	537,538	bn:00086685v	Concept	[wn:00388635v]	http://babelnet.org/rdf/s00086685v	null	ravage
family	540,541	bn:00032893n	Concept	[wn:07970406n]	http://babelnet.org/rdf/s00032893n	http://dbpedia.org/resource/Family	family
money	546,547	bn:00055644n	Concept	[wn:13384557n]	http://babelnet.org/rdf/s00055644n	http://dbpedia.org/resource/Money	money
pay for	548,550	bn:00089890v	Concept	[wn:02384940v]	http://babelnet.org/rdf/s00089890v	null	invite
funeral	551,552	bn:00036855n	Concept	[wn:07451463n]	http://babelnet.org/rdf/s00036855n	http://dbpedia.org/resource/Funeral	funeral
NEWLINE	554,555	bn:00051314n	Concept	[wn:13508183n]	http://babelnet.org/rdf/s00051314n	http://dbpedia.org/resource/Newline	line_feed
GoFundMe	556,557	bn:02911119n	Named Entity	[]	http://babelnet.org/rdf/s02911119n	http://dbpedia.org/resource/GoFundMe	GoFundMe
account	557,558	bn:00000738n	Concept	[wn:06514093n]	http://babelnet.org/rdf/s00000738n	http://dbpedia.org/resource/Histories_(Herodotus)	chronicle
set up	560,562	bn:00087732v	Concept	[wn:02427103v]	http://babelnet.org/rdf/s00087732v	null	set_up
help	563,564	bn:00089309v	Concept	[wn:01181295v]	http://babelnet.org/rdf/s00089309v	null	serve
boy	565,566	bn:00012569n	Concept	[wn:10285313n]	http://babelnet.org/rdf/s00012569n	http://dbpedia.org/resource/Boy	boy
family	567,568	bn:00032893n	Concept	[wn:07970406n]	http://babelnet.org/rdf/s00032893n	http://dbpedia.org/resource/Family	family
funeral	570,571	bn:00036855n	Concept	[wn:07451463n]	http://babelnet.org/rdf/s00036855n	http://dbpedia.org/resource/Funeral	funeral
expenses	571,572	bn:00027451n	Concept	[wn:13275495n]	http://babelnet.org/rdf/s00027451n	http://dbpedia.org/resource/Expense	expense
Sunday	575,576	bn:00028190n	Concept	[wn:15163797n]	http://babelnet.org/rdf/s00028190n	http://dbpedia.org/resource/Lord's_Day	Sunday
more than	578,580	bn:00106935a	Concept	[wn:01555133a]	http://babelnet.org/rdf/s00106935a	null	more
raised	584,585	bn:00092332v	Concept	[wn:00158503v]	http://babelnet.org/rdf/s00092332v	null	raise
goal	589,590	bn:00030721n	Concept	[wn:05980875n]	http://babelnet.org/rdf/s00030721n	http://dbpedia.org/resource/Intrinsic_value_(ethics)	goal
NEWLINE	591,592	bn:00051314n	Concept	[wn:13508183n]	http://babelnet.org/rdf/s00051314n	http://dbpedia.org/resource/Newline	line_feed
quiet	595,596	bn:00109358a	Concept	[wn:01922763a]	http://babelnet.org/rdf/s00109358a	null	quiet
teen	596,597	bn:00001480n	Concept	[wn:09772029n]	http://babelnet.org/rdf/s00001480n	null	adolescent
wonderful	600,601	bn:00102774a	Concept	[wn:01676517a]	http://babelnet.org/rdf/s00102774a	null	fantastic
boy	601,602	bn:00012569n	Concept	[wn:10285313n]	http://babelnet.org/rdf/s00012569n	http://dbpedia.org/resource/Boy	boy
trouble	608,609	bn:00064527n	Concept	[wn:05687338n]	http://babelnet.org/rdf/s00064527n	null	problem
good friend	612,614	bn:00036545n	Concept	[wn:13931145n]	http://babelnet.org/rdf/s00036545n	http://dbpedia.org/resource/Friendship	friendship
aunt	616,617	bn:00007182n	Concept	[wn:09823502n]	http://babelnet.org/rdf/s00007182n	http://dbpedia.org/resource/Aunt	aunt
said	617,618	bn:00093287v	Concept	[wn:01009240v]	http://babelnet.org/rdf/s00093287v	null	say
NEWLINE	619,620	bn:00051314n	Concept	[wn:13508183n]	http://babelnet.org/rdf/s00051314n	http://dbpedia.org/resource/Newline	line_feed
just	622,623	bn:00114626r	Concept	[wn:00004722r]	http://babelnet.org/rdf/s00114626r	null	just
need	624,625	bn:00091028v	Concept	[wn:01188725v]	http://babelnet.org/rdf/s00091028v	null	want
answers	626,627	bn:00004451n	Concept	[wn:06746005n]	http://babelnet.org/rdf/s00004451n	null	reply
NEWLINE	629,630	bn:00051314n	Concept	[wn:13508183n]	http://babelnet.org/rdf/s00051314n	http://dbpedia.org/resource/Newline	line_feed
Pamela	631,632	bn:01265842n	Concept	[]	http://babelnet.org/rdf/s01265842n	http://dbpedia.org/resource/Pamela_(butterfly)	Pamela_(butterfly)
NEWLINE	633,634	bn:00051314n	Concept	[wn:13508183n]	http://babelnet.org/rdf/s00051314n	http://dbpedia.org/resource/Newline	line_feed
NEWLINE	635,636	bn:00051314n	Concept	[wn:13508183n]	http://babelnet.org/rdf/s00051314n	http://dbpedia.org/resource/Newline	line_feed
Twitter	636,637	bn:03897085n	Named Entity	[]	http://babelnet.org/rdf/s03897085n	http://dbpedia.org/resource/Twitter	Twitter
NEWLINE	638,639	bn:00051314n	Concept	[wn:13508183n]	http://babelnet.org/rdf/s00051314n	http://dbpedia.org/resource/Newline	line_feed
